Date,Open,High,Low,Close,Adj Close,Volume,close-open,increase yes or no,50day moving average,50 moving day average,100 day moving average,100 day moving average beat,AMD News,Quarterly earnings
2018-12-11,20.709999,21.139999,19.690001,19.98,19.98,88027400,-0.729999,no,0.3996,No,0.1998,No,No,No
2018-12-12,20.32,21.02,19.709999,20.48,20.48,100340700,0.16,yes,0.8092,No,0.4046,No,No,No
2018-12-13,20.629999,20.870001,19.76,19.860001,19.860001,88108300,-0.769998,no,1.20640002,No,0.60320001,No,No,No
2018-12-14,19.58,20.700001,19.52,19.9,19.9,84713600,0.32,yes,1.60440002,No,0.80220001,No,No,No
2018-12-17,20.01,20.02,18.639999,18.83,18.83,115437900,-1.18,no,1.98100002,No,0.99050001,No,No,No
2018-12-18,19.15,19.84,18.879999,19.5,19.5,101512900,0.35,yes,2.37100002,No,1.18550001,No,No,No
2018-12-19,19.440001,19.719999,18,18.16,18.16,120644500,-1.280001,no,2.73420002,No,1.36710001,No,No,No
2018-12-20,18.110001,18.860001,17.34,17.940001,17.940001,119394500,-0.17,no,3.09300004,No,1.54650002,No,No,No
2018-12-21,18.120001,18.34,16.76,16.93,16.93,132246000,-1.190001,no,3.43160004,No,1.71580002,No,No,No
2018-12-24,16.52,17.219999,16.370001,16.65,16.65,62933100,0.13,yes,3.76460004,No,1.88230002,No,No,No
2018-12-26,16.879999,17.91,16.030001,17.9,17.9,108811800,1.020001,yes,4.12260004,No,2.06130002,No,No,No
2018-12-27,17.43,17.74,16.440001,17.49,17.49,111373000,0.06,yes,4.47240004,No,2.23620002,No,No,No
2018-12-28,17.530001,18.309999,17.139999,17.82,17.82,109214400,0.289999,yes,4.82880004,No,2.41440002,No,No,No
2018-12-31,18.15,18.51,17.85,18.459999,18.459999,84732200,0.309999,yes,5.19800002,No,2.59900001,No,No,No
2019-01-02,18.01,19,17.98,18.83,18.83,87148700,0.82,yes,5.57460002,No,2.78730001,No,Yes,No
2019-01-03,18.42,18.68,16.940001,17.049999,17.049999,117277600,-1.370001,no,5.9156,No,2.9578,No,No,No
2019-01-04,17.549999,19.07,17.43,19,19,111878600,1.450001,yes,6.2956,No,3.1478,No,No,No
2019-01-07,19.440001,20.68,19,20.57,20.57,107157000,1.129999,yes,6.707,No,3.3535,No,No,No
2019-01-08,21.190001,21.200001,19.68,20.75,20.75,121271000,-0.440001,no,7.122,No,3.561,No,No,No
2019-01-09,20.889999,21.440001,20.07,20.190001,20.190001,163944100,-0.699998,no,7.52580002,No,3.76290001,No,Yes,No
2019-01-10,19.76,19.83,18.9,19.74,19.74,115629400,-0.02,no,7.92060002,No,3.96030001,No,No,No
2019-01-11,19.469999,20.35,19.190001,20.27,20.27,85110800,0.800001,yes,8.32600002,No,4.16300001,No,No,No
2019-01-14,19.959999,20.620001,19.75,20.23,20.23,71350200,0.270001,yes,8.73060002,No,4.36530001,No,No,No
2019-01-15,20.440001,20.68,20.26,20.379999,20.379999,62785800,-0.060002,no,9.1382,No,4.5691,No,No,No
2019-01-16,20.4,20.540001,19.709999,19.73,19.73,70849300,-0.67,no,9.5328,No,4.7664,No,Yes,No
2019-01-17,19.49,20.51,19.02,20.25,20.25,85018400,0.76,yes,9.9378,No,4.9689,No,Yes,No
2019-01-18,20.370001,21.049999,20.02,20.77,20.77,88131000,0.399999,yes,10.3532,No,5.1766,No,No,No
2019-01-22,20.48,20.92,19.700001,19.76,19.76,78513700,-0.72,no,10.7484,No,5.3742,No,No,No
2019-01-23,20.030001,20.48,19.549999,19.799999,19.799999,77811300,-0.230002,no,11.14439998,No,5.57219999,No,No,No
2019-01-24,20.059999,21.01,20.040001,20.85,20.85,97433400,0.790001,yes,11.56139998,No,5.78069999,No,No,No
2019-01-25,20.99,22.030001,20.790001,21.93,21.93,110239500,0.94,yes,11.99999998,No,5.99999999,No,Yes,No
2019-01-28,20.32,21.01,20.02,20.18,20.18,135164100,-0.14,no,12.40359998,No,6.20179999,No,No,No
2019-01-29,20.26,20.389999,19.049999,19.25,19.25,131202500,-1.01,no,12.78859998,No,6.39429999,No,Yes,Yes
2019-01-30,21.49,23.129999,21.370001,23.09,23.09,211421200,1.6,yes,13.25039998,No,6.62519999,No,No,No
2019-01-31,23.02,25.139999,22.83,24.41,24.41,182575600,1.39,yes,13.73859998,No,6.86929999,No,No,No
2019-02-01,24.610001,24.84,24.07,24.51,24.51,105356200,-0.100001,no,14.22879998,No,7.11439999,No,No,No
2019-02-04,24.43,24.66,24.07,24.129999,24.129999,70843800,-0.300001,no,14.71139996,No,7.35569998,No,No,No
2019-02-05,23.42,23.860001,22.98,23.309999,23.309999,122226000,-0.110001,no,15.17759994,No,7.58879997,No,Yes,No
2019-02-06,23.629999,24.139999,23.219999,23.26,23.26,78684300,-0.369999,no,15.64279994,No,7.82139997,No,No,No
2019-02-07,22.99,23.219999,22.32,22.67,22.67,86723900,-0.32,no,16.09619994,No,8.04809997,No,No,No
2019-02-08,22.33,23.280001,22.27,23.049999,23.049999,78129300,0.719999,yes,16.55719992,No,8.27859996,No,No,No
2019-02-11,23.049999,23.280001,22.66,22.959999,22.959999,60578700,-0.09,no,17.0163999,No,8.50819995,No,No,No
2019-02-12,23.43,23.559999,22.75,22.82,22.82,67595400,-0.61,no,17.4727999,No,8.73639995,No,No,No
2019-02-13,22.98,23.24,22.709999,22.85,22.85,57544200,-0.13,no,17.9297999,No,8.96489995,No,No,No
2019-02-14,22.74,23.370001,22.59,23.129999,23.129999,64441200,0.389999,yes,18.39239988,No,9.19619994,No,No,No
2019-02-15,23.58,24.049999,23.200001,23.68,23.68,78644100,0.1,yes,18.86599988,No,9.43299994,No,No,No
2019-02-19,23.629999,24.41,23.610001,23.950001,23.950001,57517900,0.320002,yes,19.3449999,No,9.67249995,No,No,No
2019-02-20,24.139999,24.370001,23.9,23.950001,23.950001,57091600,-0.189998,no,19.82399992,No,9.91199996,No,No,No
2019-02-21,24.040001,24.33,23.85,23.92,23.92,49608200,-0.120001,no,20.30239992,No,10.15119996,No,No,No
2019-02-22,24.049999,24.360001,23.879999,24.360001,24.360001,52650700,0.310002,yes,20.78959994,No,10.39479997,No,No,No
2019-02-25,25.01,25.52,24.68,24.709999,24.709999,63221000,-0.300001,no,20.88419992,No,10.64189996,No,No,No
2019-02-26,24.65,24.719999,24.15,24.209999,24.209999,48470100,-0.440001,no,20.9587999,No,10.88399995,No,Yes,No
2019-02-27,24.110001,24.23,23.209999,23.48,23.48,62649300,-0.630001,no,21.03119988,No,11.11879995,No,No,No
2019-02-28,23.209999,23.67,23.110001,23.530001,23.530001,39384900,0.320002,yes,21.1037999,No,11.35409996,No,No,No
2019-03-01,23.969999,24.190001,23.450001,23.68,23.68,48084000,-0.289999,no,21.2007999,No,11.59089996,No,No,No
2019-03-04,23.889999,24.129999,23.01,23.370001,23.370001,48147700,-0.519998,no,21.27819992,No,11.82459997,No,No,No
2019-03-05,23.34,23.68,23.01,23.5,23.5,35462600,0.16,yes,21.38499992,No,12.05959997,No,No,No
2019-03-06,23.469999,23.530001,22.4,22.41,22.41,60479400,-1.059999,no,21.4743999,No,12.28369997,No,No,No
2019-03-07,22.33,22.41,21.73,22.08,22.08,52186300,-0.25,no,21.5773999,No,12.50449997,No,Yes,No
2019-03-08,21.35,22.09,21.040001,22.01,22.01,49967700,0.66,yes,21.6845999,No,12.72459997,No,No,No
2019-03-11,22.15,23.08,21.98,22.959999,22.959999,54420200,0.809999,yes,21.78579988,No,12.95419996,No,No,No
2019-03-12,23.1,23.799999,22.780001,23.49,23.49,56410600,0.39,yes,21.90579988,No,13.18909996,No,No,No
2019-03-13,23.66,24.15,23.35,23.379999,23.379999,56705800,-0.280001,no,22.01699986,No,13.42289995,No,No,No
2019-03-14,23.370001,23.49,22.799999,22.82,22.82,42818600,-0.550001,no,22.10419988,No,13.65109995,No,No,No
2019-03-15,23.1,23.65,23.01,23.290001,23.290001,46519900,0.190001,yes,22.1933999,No,13.88399996,No,No,No
2019-03-18,23.299999,23.620001,23.040001,23.25,23.25,34731800,-0.049999,no,22.31739992,No,14.11649996,No,No,No
2019-03-19,23.6,26.08,23.59,26,26,156052200,2.4,yes,22.45739992,No,14.37649996,No,Yes,No
2019-03-20,26.49,26.879999,25.309999,25.700001,25.700001,151292100,-0.789999,no,22.55999994,No,14.63349997,No,No,No
2019-03-21,25.780001,28.110001,25.709999,27.889999,27.889999,129610300,2.109998,yes,22.70279992,No,14.91239996,No,No,No
2019-03-22,27.540001,27.75,26.33,26.370001,26.370001,115323300,-1.17,no,22.82639992,No,15.17609997,No,No,No
2019-03-25,26.290001,26.99,25.540001,25.969999,25.969999,78438200,-0.320002,no,22.9509999,No,15.43579996,No,No,No
2019-03-26,26.690001,26.98,25.459999,25.690001,25.690001,75754100,-1,no,23.05939992,No,15.69269997,No,Yes,No
2019-03-27,25.700001,25.879999,24.549999,24.889999,24.889999,88585300,-0.810002,no,23.1525999,No,15.94159996,No,No,No
2019-03-28,25.1,25.559999,24.65,25.059999,25.059999,64667500,-0.040001,no,23.2461999,No,16.19219995,No,No,No
2019-03-29,25.58,25.73,25.25,25.52,25.52,53502800,-0.06,no,23.3619999,No,16.44739995,No,No,No
2019-04-01,26.42,26.559999,25.83,26.360001,26.360001,63000300,-0.059999,no,23.48419992,No,16.71099996,No,No,No
2019-04-02,26.51,26.799999,26.09,26.75,26.75,53358800,0.24,yes,23.60379992,No,16.97849996,No,Yes,No
2019-04-03,28.02,29.950001,27.879999,29.02,29.02,197650500,1,yes,23.78899992,No,17.26869996,No,No,No
2019-04-04,28.879999,29.389999,28.610001,29.09,29.09,82191100,0.210001,yes,23.97479994,No,17.55959996,No,No,No
2019-04-05,29.639999,29.690001,28.799999,28.98,28.98,65662700,-0.659999,no,24.13739994,No,17.84939996,No,No,No
2019-04-08,28.690001,28.950001,28.18,28.530001,28.530001,58002500,-0.16,no,24.26939996,No,18.13469997,No,Yes,No
2019-04-09,28.24,28.379999,27.190001,27.24,27.24,75539800,-1,no,24.41059996,No,18.40709997,No,No,No
2019-04-10,27.459999,28.120001,27.32,27.83,27.83,64368100,0.370001,yes,24.58219996,No,18.68539997,No,No,No
2019-04-11,27.809999,28.049999,27.459999,27.790001,27.790001,44801200,-0.019998,no,24.67619998,No,18.96329998,No,No,No
2019-04-12,28.209999,28.379999,27.66,27.85,27.85,41048800,-0.359999,no,24.74499998,No,19.24179998,No,No,No
2019-04-15,27.799999,27.84,26.959999,27.33,27.33,40812500,-0.469999,no,24.80139998,No,19.51509998,No,No,No
2019-04-16,27.719999,28.18,27.49,27.93,27.93,47340100,0.210001,yes,24.8774,No,19.79439998,No,Yes,No
2019-04-17,28.209999,28.27,27.219999,27.49,27.49,48240800,-0.719999,no,24.96100002,No,20.06929998,No,No,No
2019-04-18,27.6,27.879999,27.34,27.68,27.68,39880900,0.08,yes,25.04940002,No,20.34609998,No,No,No
2019-04-22,27.620001,28.23,27.389999,28.18,28.18,36477300,0.559999,yes,25.15960002,No,20.62789998,No,No,No
2019-04-23,28.18,28.49,27.790001,27.969999,27.969999,41777500,-0.210001,no,25.25800002,No,20.90759997,No,No,No
2019-04-24,28.1,28.85,27.93,28.459999,28.459999,51784700,0.359999,yes,25.36800002,No,21.19219996,No,No,No
2019-04-25,28.67,28.860001,27.360001,27.66,27.66,57329700,-1.01,no,25.46480002,No,21.46879996,No,No,No
2019-04-26,27.66,27.9,27.049999,27.879999,27.879999,48827900,0.219999,yes,25.5654,No,21.74759995,No,No,No
2019-04-29,27.9,28.139999,27.5,27.690001,27.690001,44532700,-0.209999,no,25.65660004,No,22.02449996,No,Yes,No
2019-04-30,27.59,27.799999,26.940001,27.629999,27.629999,73165900,0.039999,yes,25.73560002,No,22.30079995,No,Yes,Yes
2019-05-01,28.950001,29.15,26.780001,26.809999,26.809999,136066900,-2.140002,no,25.79279998,No,22.56889994,No,No,No
2019-05-02,26.940001,28.639999,26.610001,28.290001,28.290001,100514800,1.35,yes,25.87959998,No,22.85179995,No,No,No
2019-05-03,28.299999,28.42,27.66,28.219999,28.219999,55503100,-0.08,no,25.96559996,No,23.13399994,No,No,No
2019-05-06,26.719999,27.5,26.450001,27.42,27.42,70344100,0.700001,yes,26.02679994,No,23.40819994,No,No,No
2019-05-07,27.200001,27.35,26.209999,26.66,26.66,75868800,-0.540001,no,26.06579996,No,23.47499994,No,Yes,No
2019-05-08,26.41,27.709999,26.27,27.09,27.09,65967500,0.68,yes,26.12339998,No,23.54109994,No,Yes,No
2019-05-09,26.700001,27.379999,26.030001,27.209999,27.209999,73150900,0.509998,yes,26.19799996,No,23.61459992,No,No,No
2019-05-10,27.030001,28.1,26.93,27.959999,27.959999,82930100,0.929998,yes,26.28659992,No,23.69519991,No,No,No
2019-05-13,26.98,27.23,26.1,26.24,26.24,99017900,-0.74,no,26.33779992,Yes,23.76929991,No,Yes,No
2019-05-14,26.530001,27.48,26.15,27.32,27.32,82980400,0.789999,yes,26.4167999,No,23.84749991,No,Yes,No
2019-05-15,26.870001,27.790001,26.73,27.58,27.58,55689900,0.709999,yes,26.4983999,No,23.94169991,No,No,No
2019-05-16,27.370001,28.370001,27.27,28.01,28.01,67330100,0.639999,yes,26.6103999,No,24.0423999,No,No,No
2019-05-17,27.690001,28.459999,27.4,27.5,27.5,65385400,-0.190001,no,26.7187999,No,24.1480999,No,No,No
2019-05-20,26.98,27.24,26.49,26.68,26.68,69757400,-0.3,no,26.8121999,Yes,24.2483999,No,No,No
2019-05-21,27.18,27.370001,26.93,27.35,27.35,46079200,0.17,yes,26.89999992,No,24.3428999,No,No,No
2019-05-22,27.120001,27.59,27.07,27.41,27.41,40035300,0.289999,yes,26.97839992,No,24.4420999,No,Yes,No
2019-05-23,26.99,27.1,26.030001,26.360001,26.360001,67809200,-0.629999,no,27.03799996,Yes,24.52749991,No,No,No
2019-05-24,26.610001,26.93,26.4,26.440001,26.440001,39835800,-0.17,no,27.11039998,Yes,24.60729993,No,No,No
2019-05-28,27.27,29.67,27.059999,29.049999,29.049999,146949600,1.779999,yes,27.22559994,No,24.70949992,No,No,No
2019-05-29,29,29.32,27.73,28.09,28.09,99969600,-0.91,no,27.32239994,No,24.81989993,No,No,No
2019-05-30,28.4,28.559999,27.6,28.030001,28.030001,65289100,-0.369999,no,27.36299996,No,24.91019994,No,No,No
2019-05-31,27.57,28.360001,27.4,27.41,27.41,68667800,-0.16,no,27.39719994,No,24.97859994,No,No,No
2019-06-03,28.75,29.620001,27.290001,27.58,27.58,147532200,-1.17,no,27.39099996,No,25.04689994,No,Yes,No
2019-06-04,28.389999,29.59,27.91,29.57,29.57,107549500,1.180001,yes,27.45499994,No,25.14069993,No,No,No
2019-06-05,29.93,29.99,29.030001,29.5,29.5,79481500,-0.43,no,27.52559996,No,25.23829993,No,No,No
2019-06-06,29.870001,31.98,29.84,31.82,31.82,131267800,1.949999,yes,27.64819994,No,25.35379993,No,No,No
2019-06-07,31.940001,32.599998,31.57,32.41,32.41,86841100,0.469999,yes,27.79859996,No,25.47559993,No,No,No
2019-06-10,33.529999,34.299999,33.080002,33.23,33.23,97668800,-0.299999,no,27.96199998,No,25.60409994,No,Yes,No
2019-06-11,33.43,33.490002,31.82,32.41,32.41,82834900,-1.02,no,28.09979998,No,25.73089994,No,No,No
2019-06-12,32,32.57,31.92,32.18,32.18,56194100,0.18,yes,28.21619996,No,25.85019994,No,No,No
2019-06-13,32.389999,32.5,31.059999,31.389999,31.389999,63556000,-1,no,28.30899994,No,25.95639993,No,No,No
2019-06-14,30.700001,30.959999,30.02,30.360001,30.360001,70373000,-0.34,no,28.33579996,No,26.06239994,No,Yes,No
2019-06-17,30.25,30.450001,29.18,29.200001,29.200001,70865700,-1.049999,no,28.33799998,No,26.15639996,No,No,No
2019-06-18,29.76,30.969999,29.58,30.450001,30.450001,86444500,0.690001,yes,28.3674,No,26.25239997,No,No,No
2019-06-19,30.67,30.790001,30.059999,30.5,30.5,63233900,-0.17,no,28.40679998,No,26.33809997,No,No,No
2019-06-20,31.24,31.360001,29.84,30.01,30.01,72418200,-1.23,no,28.46219998,No,26.43639997,No,No,No
2019-06-21,29.65,30.35,28.969999,29.1,29.1,81861300,-0.55,no,28.48759998,No,26.53489997,No,No,No
2019-06-24,29.32,29.4,28.67,29.26,29.26,55724800,-0.06,no,28.51699996,No,26.59659997,No,No,No
2019-06-25,29.26,29.719999,28.799999,28.860001,28.860001,53680900,-0.399999,no,28.53719998,No,26.64109998,No,No,No
2019-06-26,29.98,30.48,29.780001,29.92,29.92,65064200,-0.06,no,28.58899998,No,26.69519998,No,No,No
2019-06-27,30.41,30.959999,30.209999,30.74,30.74,55623300,0.33,yes,28.64519998,No,26.76129999,No,No,No
2019-06-28,31.08,31.110001,30.33,30.370001,30.370001,50090900,-0.709999,no,28.7028,No,26.83190001,No,No,No
2019-07-01,31.790001,32.040001,30.870001,31.200001,31.200001,60525500,-0.59,no,28.77320002,No,26.91130002,No,No,No
2019-07-02,30.959999,31.26,30.73,31.24,31.24,37721700,0.280001,yes,28.83440002,No,26.99700002,No,No,No
2019-07-03,31.129999,31.33,30.74,31.190001,31.190001,23462000,0.060002,yes,28.89880006,No,27.07840004,No,No,No
2019-07-05,30.879999,31.559999,30.75,31.5,31.5,34011900,0.620001,yes,28.95960008,No,27.16380005,No,No,No
2019-07-08,31.799999,32.150002,31.26,32.040001,32.040001,49689400,0.240002,yes,29.0472001,No,27.25600006,No,No,No
2019-07-09,31.76,33.18,30.1,33.150002,33.150002,61419800,1.390002,yes,29.15260016,No,27.35900008,No,No,No
2019-07-10,33.560001,34.029999,33.360001,33.790001,33.790001,60388400,0.23,yes,29.27460016,No,27.4656001,No,No,No
2019-07-11,33.91,34,32.759998,33.060001,33.060001,63081800,-0.849999,no,29.3832002,No,27.55940011,No,No,No
2019-07-12,32.759998,33.389999,32.59,33.209999,33.209999,51509700,0.450001,yes,29.5112002,No,27.65200009,No,No,No
2019-07-15,33.34,34.549999,33.27,34.389999,34.389999,65565200,1.049999,yes,29.63320016,No,27.75640007,No,No,No
2019-07-16,34.299999,34.860001,33.799999,33.849998,33.849998,66912700,-0.450001,no,29.74580014,No,27.85570005,No,Yes,No
2019-07-17,34.009998,34.299999,33.490002,33.599998,33.599998,42557900,-0.41,no,29.8694001,No,27.94810002,No,No,No
2019-07-18,33.029999,33.459999,32.419998,33,33,58610900,-0.029999,no,29.9962001,No,28.03100003,No,No,No
2019-07-19,33.080002,33.349998,32.450001,32.509998,32.509998,44617700,-0.570004,no,30.10460006,No,28.11400002,No,No,No
2019-07-22,32.799999,33.310001,32.740002,32.849998,32.849998,37777300,0.049999,yes,30.21740004,No,28.2077,No,Yes,No
2019-07-23,33.169998,33.5,32.93,33.490002,33.490002,38532500,0.320004,yes,30.3280001,No,28.30730001,No,No,No
2019-07-24,33.639999,34.360001,33.450001,34.110001,34.110001,41952300,0.470002,yes,30.48540012,No,28.41160002,No,No,No
2019-07-25,34.049999,34.25,33.619999,33.669998,33.669998,36705600,-0.380001,no,30.61240008,No,28.51459999,No,No,No
2019-07-26,34.23,34.77,33.869999,34.02,34.02,43502800,-0.21,no,30.74120008,No,28.61979999,No,No,No
2019-07-29,34.139999,34.18,32.98,33.48,33.48,45922000,-0.659999,no,30.85060008,No,28.73049999,No,No,No
2019-07-30,33.209999,33.939999,32.939999,33.869999,33.869999,72198900,0.66,yes,30.97800006,No,28.84839998,No,Yes,Yes
2019-07-31,32.080002,32.299999,30.299999,30.450001,30.450001,119190000,-1.630001,no,31.05340008,Yes,28.93279999,No,No,No
2019-08-01,30.5,31.48,29.1,29.860001,29.860001,80878900,-0.639999,no,31.1036001,Yes,29.00180001,No,No,No
2019-08-02,29.48,29.73,28.940001,29.440001,29.440001,60410900,-0.039999,no,31.14420012,Yes,29.06130002,No,No,No
2019-08-05,28.26,28.49,27.65,27.99,27.99,74333200,-0.27,no,31.1768001,Yes,29.10740003,No,Yes,No
2019-08-06,28.860001,29.049999,28.200001,28.860001,28.860001,60578400,0,no,31.2252001,Yes,29.16780004,No,No,No
2019-08-07,28.469999,29.280001,28.370001,29.190001,29.190001,58577500,0.720002,yes,31.22800014,Yes,29.22680004,No,Yes,No
2019-08-08,31.530001,34.27,31.48,33.919998,33.919998,167278800,2.389997,yes,31.3446001,No,29.33350002,No,No,No
2019-08-09,33.450001,35.549999,33.080002,34.189999,34.189999,132483900,0.739998,yes,31.46780006,No,29.41540001,No,No,No
2019-08-12,34.16,34.650002,32.080002,32.43,32.43,106737000,-1.73,no,31.56820006,No,29.4827,No,No,No
2019-08-13,32.360001,33.139999,31.719999,32.110001,32.110001,102009700,-0.25,no,31.65880008,No,29.52490002,No,No,No
2019-08-14,31,31.049999,29.51,30.24,30.24,127521500,-0.76,no,31.67220008,Yes,29.56360001,No,No,No
2019-08-15,30.629999,30.73,29.209999,29.67,29.67,71674400,-0.959999,no,31.67560008,Yes,29.60060002,No,No,No
2019-08-16,30.309999,31.48,30.209999,31.18,31.18,70469800,0.870001,yes,31.66280008,Yes,29.65550001,No,No,No
2019-08-19,32,32.189999,31.42,31.48,31.48,67596900,-0.52,no,31.64420008,Yes,29.72140002,No,No,No
2019-08-20,30.940001,31.309999,30.450001,30.719999,30.719999,47924000,-0.220002,no,31.59400006,Yes,29.77800002,No,No,No
2019-08-21,31.049999,31.74,30.84,31.700001,31.700001,41441500,0.650002,yes,31.57980008,No,29.83980003,No,No,No
2019-08-22,31.76,31.92,30.98,31.9,31.9,47667900,0.14,yes,31.57420008,No,29.89520002,No,No,No
2019-08-23,31.299999,31.83,29.4,29.540001,29.540001,83681100,-1.759998,no,31.53720012,Yes,29.92310003,No,No,No
2019-08-26,30.34,30.719999,29.940001,30.280001,30.280001,50612500,-0.059999,no,31.53560012,Yes,29.93570004,No,No,No
2019-08-27,30.6,30.889999,29.6,30.200001,30.200001,53229200,-0.399999,no,31.55560012,Yes,29.94680005,No,No,No
2019-08-28,29.92,31.18,29.700001,30.780001,30.780001,55835900,0.860001,yes,31.56220012,Yes,29.96480006,No,No,No
2019-08-29,31.469999,31.83,31.33,31.450001,31.450001,44422800,-0.019998,no,31.58120014,Yes,29.99400006,No,No,No
2019-08-30,31.6,31.870001,31.129999,31.450001,31.450001,40307000,-0.149999,no,31.61000016,Yes,30.03610007,No,No,No
2019-09-03,30.83,31.139999,30.68,30.9,30.9,38029300,0.07,yes,31.64600016,Yes,30.06680007,No,No,No
2019-09-04,31.32,31.83,30.85,30.950001,30.950001,46614600,-0.369999,no,31.67980018,Yes,30.09840007,No,No,No
2019-09-05,31.790001,32.049999,31.120001,31.5,31.5,57861200,-0.290001,no,31.73260016,Yes,30.13490007,No,Yes,No
2019-09-06,31.5,31.51,30.48,30.559999,30.559999,51673000,-0.940001,no,31.74540014,Yes,30.16720006,No,No,No
2019-09-09,30.93,31.18,30.24,30.5,30.5,54413200,-0.43,no,31.74060014,Yes,30.19290006,No,No,No
2019-09-10,30.219999,30.379999,29.77,30.23,30.23,48604800,0.010001,yes,31.73780012,Yes,30.22030006,No,No,No
2019-09-11,30.379999,30.43,29.51,29.76,29.76,50631700,-0.619999,no,31.7090001,Yes,30.24110006,No,No,No
2019-09-12,30.08,30.84,29.950001,30.209999,30.209999,53618300,0.129999,yes,31.68840008,Yes,30.26140005,No,No,No
2019-09-13,30.27,30.85,29.950001,30.690001,30.690001,47758800,0.420001,yes,31.67840008,Yes,30.28860007,No,No,No
2019-09-16,30.370001,31.15,30.26,30.83,30.83,52248500,0.459999,yes,31.66500008,Yes,30.31230008,No,No,No
2019-09-17,31.07,31.32,30.74,30.99,30.99,35011700,-0.08,no,31.64400006,Yes,30.34560008,No,No,No
2019-09-18,30.75,30.889999,29.879999,30.42,30.42,47027500,-0.33,no,31.58940002,Yes,30.37100009,No,Yes,No
2019-09-19,30.57,30.959999,30.139999,30.290001,30.290001,41603000,-0.279999,no,31.51940002,Yes,30.39700009,No,No,No
2019-09-20,30.360001,30.469999,29.65,30.049999,30.049999,79957400,-0.310002,no,31.45919998,Yes,30.42120009,No,No,No
2019-09-23,30.120001,30.799999,30.07,30.639999,30.639999,44366800,0.519998,yes,31.40779998,Yes,30.45950009,No,No,No
2019-09-24,30.540001,30.75,29.290001,29.52,29.52,72963000,-1.020001,no,31.3104,Yes,30.47180008,No,No,No
2019-09-25,29.48,29.65,28.549999,29.540001,29.540001,58234800,0.060001,yes,31.22420006,Yes,30.4850001,No,No,No
2019-09-26,29.67,29.77,29,29.469999,29.469999,40745400,-0.200001,no,31.14160008,Yes,30.50550009,No,No,No
2019-09-27,29.17,29.77,28.35,28.719999,28.719999,54091100,-0.450001,no,31.05600006,Yes,30.52610008,No,No,No
2019-09-30,28.889999,29.049999,28.360001,28.99,28.99,37295600,0.100001,yes,30.9856001,Yes,30.54510008,No,Yes,No
2019-10-01,29.049999,29.540001,28.639999,28.76,28.76,37081800,-0.289999,no,30.90380014,Yes,30.56060009,No,No,No
2019-10-02,28.5,28.85,28.030001,28.309999,28.309999,43640700,-0.190001,no,30.80020008,Yes,30.56410009,No,Yes,No
2019-10-03,28.280001,28.780001,27.43,28.68,28.68,56325200,0.399999,yes,30.69160006,Yes,30.58850009,No,No,No
2019-10-04,28.83,29.059999,28.280001,29.01,29.01,34446700,0.18,yes,30.5984001,Yes,30.60540009,No,No,No
2019-10-07,28.9,29.629999,28.84,28.93,28.93,39337200,0.03,yes,30.4966001,Yes,30.61890009,No,Yes,No
2019-10-08,28.549999,28.639999,27.92,28.23,28.23,44265700,-0.319999,no,30.3916001,Yes,30.62110009,No,No,No
2019-10-09,28.799999,28.950001,28.35,28.459999,28.459999,35661500,-0.34,no,30.2834001,Yes,30.63070008,No,No,No
2019-10-10,28.52,28.889999,28,28.379999,28.379999,40660100,-0.140001,no,30.24200006,Yes,30.64770007,No,No,No
2019-10-11,28.83,30.200001,28.809999,29.75,29.75,66256900,0.92,yes,30.23980004,Yes,30.67170007,No,No,No
2019-10-14,29.709999,30.610001,29.379999,30.530001,30.530001,44473700,0.820002,yes,30.26160004,No,30.70290008,No,No,No
2019-10-15,30.700001,30.92,30.17,30.719999,30.719999,41600700,0.019998,yes,30.31620002,No,30.74650006,No,Yes,No
2019-10-16,30.6,31.41,30.530001,30.809999,30.809999,42804400,0.209999,yes,30.35519998,No,30.79020004,No,No,No
2019-10-17,31.299999,31.4,30.860001,31.139999,31.139999,36884400,-0.16,no,30.39419994,No,30.81110004,No,No,No
2019-10-18,31.059999,31.33,30.290001,30.969999,30.969999,39681700,-0.09,no,30.33519996,No,30.83990003,No,No,No
2019-10-21,31.5,32.259998,31.41,32.029999,32.029999,52182800,0.529999,yes,30.29199996,No,30.87990001,No,No,No
2019-10-22,32.060001,32.150002,31.5,31.51,31.51,36185200,-0.550001,no,30.27359996,No,30.92090001,No,No,No
2019-10-23,31.09,31.65,30.83,31.360001,31.360001,26582200,0.270001,yes,30.25859996,No,30.95870002,No,No,No
2019-10-24,31.58,31.860001,31.34,31.719999,31.719999,27808000,0.139999,yes,30.28819994,No,30.98020001,No,No,No
2019-10-25,31.9,32.860001,31.83,32.709999,32.709999,45368800,0.809999,yes,30.34899992,No,31.0123,No,No,No
2019-10-28,33.16,33.91,33.150002,33.689999,33.689999,51223600,0.529999,yes,30.3991999,No,31.03099999,No,No,No
2019-10-29,33.73,33.900002,32.700001,33.029999,33.029999,78700100,-0.700001,no,30.43019988,No,31.03719998,No,Yes,Yes
2019-10-30,32.93,33.34,32.029999,33.130001,33.130001,78228800,0.200001,yes,30.47839992,No,31.03619999,No,No,No
2019-10-31,32.98,34.34,32.82,33.93,33.93,67881600,0.95,yes,30.5229999,No,31.05139999,No,No,No
2019-11-01,34.369999,35,34.099998,34.889999,34.889999,64238600,0.52,yes,30.58279988,No,31.07849998,No,Yes,No
2019-11-04,35.189999,36.450001,34.759998,36.290001,36.290001,83343800,1.100002,yes,30.71779988,No,31.1275,No,No,No
2019-11-05,36.560001,37.18,35.98,36.150002,36.150002,84848600,-0.409999,no,30.8351999,No,31.18540001,No,No,No
2019-11-06,36.060001,36.48,35.52,35.93,35.93,51675100,-0.130001,no,30.94979988,No,31.2527,No,No,No
2019-11-07,36.52,36.990002,36.029999,36.279999,36.279999,54350200,-0.240001,no,31.05979984,No,31.31099998,No,Yes,No
2019-11-08,36.060001,36.580002,36,36.290001,36.290001,39353900,0.23,yes,31.15659984,No,31.36889999,No,No,No
2019-11-11,35.959999,36.66,35.580002,36.310001,36.310001,43511100,0.350002,yes,31.25379984,No,31.4319,No,No,No
2019-11-12,36.43,37.130001,36.400002,36.709999,36.709999,58664500,0.279999,yes,31.36999982,No,31.50799999,No,Yes,No
2019-11-13,36.650002,37.959999,36.580002,37.52,37.52,67648300,0.869998,yes,31.5013998,No,31.59059999,No,No,No
2019-11-14,37.509998,38.5,37.360001,38.349998,38.349998,65829500,0.84,yes,31.63839976,No,31.68549996,No,No,No
2019-11-15,38.939999,39.369999,38.34,38.560001,38.560001,62958500,-0.379998,no,31.7983998,No,31.77189997,No,No,No
2019-11-18,38.650002,39.990002,38.599998,39.880001,39.880001,66102800,1.229999,yes,31.98599982,No,31.86329998,No,Yes,No
2019-11-19,40.139999,41.790001,39.689999,41.290001,41.290001,94373000,1.150002,yes,32.20719984,No,31.97249998,No,Yes,No
2019-11-20,40.959999,41.75,40.07,40.98,40.98,79767900,0.020001,yes,32.43159984,No,32.07029997,No,No,No
2019-11-21,40.419998,40.709999,38.639999,39.52,39.52,88069400,-0.899998,no,32.61779986,No,32.15309997,No,No,No
2019-11-22,39.360001,39.889999,38.189999,39.150002,39.150002,56931900,-0.209999,no,32.78699988,No,32.23269998,No,No,No
2019-11-25,39.5,40.169998,39.490002,39.790001,39.790001,45769500,0.290001,yes,32.9661999,No,32.31559999,No,No,No
2019-11-26,39.299999,39.48,38.810001,38.990002,38.990002,43603300,-0.309997,no,33.12619994,No,32.3851,No,No,No
2019-11-27,39.459999,39.759998,39.07,39.41,39.41,33630100,-0.049999,no,33.30599994,No,32.44769998,No,No,No
2019-11-29,39.099998,39.52,39.02,39.150002,39.150002,17609900,0.050004,yes,33.48319996,No,32.50129999,No,No,No
2019-12-02,39.32,39.41,38.439999,38.73,38.73,35710200,-0.59,no,33.65679998,No,32.55799998,No,No,No
2019-12-03,37.34,38.93,37.150002,38.900002,38.900002,51556400,1.560002,yes,33.82200004,No,32.61490001,No,Yes,No
2019-12-04,39.380001,39.82,39.130001,39.689999,39.689999,44299400,0.309998,yes,34.02540002,No,32.66790001,No,No,No
2019-12-05,39.950001,40.220001,39.549999,39.619999,39.619999,35574000,-0.330002,no,34.22699998,No,32.72560002,No,No,No
2019-12-06,40.099998,40.189999,39.560001,39.630001,39.630001,31101400,-0.469997,no,34.43020002,No,32.78590005,No,No,No
2019-12-09,39.459999,39.84,38.91,38.93,38.93,27928100,-0.529999,no,34.63440004,No,32.84520005,No,No,No
2019-12-10,39.200001,39.73,38.82,39.439999,39.439999,33733600,0.239998,yes,34.84340002,No,32.91450006,No,Yes,No
2019-12-11,39.439999,39.610001,39.040001,39.470001,39.470001,31698300,0.030002,yes,35.05760004,No,32.98070009,No,No,No
2019-12-12,39.400002,42.619999,39.25,42.59,42.59,86878000,3.189998,yes,35.34320006,No,33.07170007,No,Yes,No
2019-12-13,42.349998,42.950001,41.060001,41.150002,41.150002,79927800,-1.199996,no,35.5926001,No,33.14210008,No,Yes,No
2019-12-16,41.73,42.98,41.73,42.349998,42.349998,58824900,0.619998,yes,35.85940006,No,33.22890008,No,Yes,No
2019-12-17,42.509998,43.110001,42.150002,42.77,42.77,44852000,0.260002,yes,36.13620006,No,33.31640008,No,No,No
2019-12-18,42.790001,43.060001,42.240002,42.299999,42.299999,39083300,-0.490002,no,36.41760004,No,33.40460007,No,No,No
2019-12-19,42.630001,43.34,42.599998,42.830002,42.830002,45883000,0.200001,yes,36.7050001,No,33.4942001,No,No,No
2019-12-20,43.439999,44.259998,43.259998,44.150002,44.150002,68104700,0.710003,yes,37.02040016,No,33.63120011,No,No,No
2019-12-23,44.580002,45.630001,44.389999,45.459999,45.459999,55886500,0.879997,yes,37.33460014,No,33.78720009,No,No,No
2019-12-24,46.099998,46.610001,45.77,46.540001,46.540001,44432200,0.440003,yes,37.65480014,No,33.95820009,No,No,No
2019-12-26,46.990002,47.310001,45.66,46.630001,46.630001,57562800,-0.360001,no,37.97300018,No,34.1446001,No,No,No
2019-12-27,46.849998,46.880001,45.98,46.18,46.18,36581300,-0.669998,no,38.2804002,No,34.31780009,No,No,No
2019-12-30,46.139999,46.169998,44.66,45.52,45.52,41149700,-0.619999,no,38.56800022,No,34.48110008,No,No,No
2019-12-31,45.07,46.09,44.919998,45.860001,45.860001,31673200,0.790001,yes,38.86580026,No,34.60050011,No,Yes,No
2020-01-02,46.860001,49.25,46.630001,49.099998,49.099998,80331100,2.239997,yes,39.20720024,No,34.7496001,No,No,No
2020-01-03,48.029999,49.389999,47.540001,48.599998,48.599998,73127400,0.569999,yes,39.5490002,No,34.91130008,No,No,No
2020-01-06,48.02,48.860001,47.860001,48.389999,48.389999,47934900,0.369999,yes,39.88960016,No,35.07410006,No,Yes,No
2020-01-07,49.349998,49.389999,48.040001,48.25,48.25,58061400,-1.099998,no,40.22020018,No,35.25420006,No,No,No
2020-01-08,47.849998,48.299999,47.139999,47.830002,47.830002,53767000,-0.019996,no,40.52260024,No,35.43580008,No,No,No
2020-01-09,48.939999,49.959999,48.389999,48.970001,48.970001,76512800,0.030002,yes,40.82820028,No,35.61370009,No,No,No
2020-01-10,49.259998,49.290001,48,48.169998,48.169998,44133700,-1.09,no,41.13100026,No,35.78060007,No,No,No
2020-01-13,48.66,48.860001,48.240002,48.75,48.75,34266800,0.09,yes,41.44340024,No,35.96090008,No,Yes,No
2020-01-14,48.639999,49.040001,47.91,48.209999,48.209999,38563200,-0.43,no,41.72900022,No,36.12600006,No,No,No
2020-01-15,48.23,49.080002,48.119999,48.549999,48.549999,40199900,0.319999,yes,42.00220022,No,36.29250005,No,Yes,Yes
2020-01-16,49.169998,50.310001,48.990002,49.77,49.77,58898900,0.600002,yes,42.2718002,No,36.49480004,No,Yes,No
2020-01-17,50.200001,51.049999,49.900002,50.93,50.93,57722500,0.729999,yes,42.56740016,No,36.70130003,No,No,No
2020-01-21,50.959999,51.810001,50.700001,51.049999,51.049999,49095000,0.09,yes,42.86980014,No,36.90980001,No,No,No
2020-01-22,51.630001,51.880001,51.200001,51.43,51.43,40772200,-0.200001,no,43.17280016,No,37.1163,No,No,No
2020-01-23,51.34,51.75,50.740002,51.709999,51.709999,40135400,0.369999,yes,43.48120012,No,37.31889998,No,No,No
2020-01-24,52.279999,52.810001,49.470001,50.349998,50.349998,80004900,-1.930001,no,43.76200006,No,37.50789995,No,No,No
2020-01-27,48.450001,49.790001,47.900002,49.259998,49.259998,48878600,0.809997,yes,44.01300004,No,37.69149993,No,No,No
2020-01-28,50.029999,50.849998,49.48,50.529999,50.529999,62343800,0.5,yes,44.27320002,No,37.88729991,No,Yes,Yes
2020-01-29,47.84,48.07,46.099998,47.509998,47.509998,112349900,-0.330002,no,44.45640002,No,38.04739989,No,No,No
2020-01-30,46.490002,48.810001,46.130001,48.779999,48.779999,70460200,2.289997,yes,44.66079998,No,38.22959989,No,No,No
2020-01-31,48.400002,48.580002,46.790001,47,47,60322400,-1.400002,no,44.80319996,No,38.39459989,No,No,No
2020-02-03,46.400002,48.099998,46.23,48.02,48.02,47077000,1.619998,yes,44.93779994,No,38.57249989,No,No,No
2020-02-04,49.209999,49.75,48.610001,49.450001,49.450001,46302100,0.240002,yes,45.10719996,No,38.7693999,No,Yes,No
2020-02-05,50.290001,50.419998,49.310001,49.84,49.84,42737100,-0.450001,no,45.31359996,No,38.96569991,No,Yes,No
2020-02-06,48.799999,49.389999,47.630001,49.32,49.32,48670600,0.520001,yes,45.51699992,No,39.1519999,No,No,No
2020-02-07,48.91,50.669998,48.639999,49.73,49.73,53107600,0.82,yes,45.7157999,No,39.3409999,No,No,No
2020-02-10,49.470001,52.299999,49.349998,52.259998,52.259998,60971700,2.789997,yes,45.98119982,No,39.55369988,No,Yes,No
2020-02-11,53.220001,54.48,52.91,53.799999,53.799999,74719100,0.579998,yes,46.2689998,No,39.78749987,No,No,No
2020-02-12,54.529999,54.849998,53.529999,53.889999,53.889999,45994900,-0.64,no,46.56379974,No,40.02349985,No,No,No
2020-02-13,53.43,55.029999,53.34,54.529999,54.529999,51640000,1.099999,yes,46.87979972,No,40.26829985,No,No,No
2020-02-14,55.189999,55.400002,54.560001,55.310001,55.310001,52365400,0.120002,yes,47.2079997,No,40.51499987,No,No,No
2020-02-18,54.939999,58.130001,54.84,56.889999,56.889999,70133200,1.95,yes,47.5519997,No,40.78869986,No,Yes,No
2020-02-19,57.990002,59.27,57.509998,58.900002,58.900002,58597300,0.91,yes,47.93759976,No,41.08229987,No,No,No
2020-02-20,58.439999,59.02,56.150002,57.27,57.27,74203400,-1.169999,no,48.29039974,No,41.36029988,No,No,No
2020-02-21,56.709999,56.799999,52.889999,53.279999,53.279999,88271100,-3.43,no,48.57739972,No,41.60589988,No,No,No
2020-02-24,48.18,50.279999,47.490002,49.119999,49.119999,86624100,0.939999,yes,48.77099972,No,41.80719987,No,No,No
2020-02-25,51.139999,51.240002,47.119999,47.57,47.57,88699400,-3.569999,no,48.9329997,Yes,41.99529987,No,Yes,No
2020-02-26,47.700001,49.290001,47.07,47.490002,47.490002,86378400,-0.209999,no,49.03099974,Yes,42.1870999,No,No,No
2020-02-27,45.380001,46.240002,42.209999,44.009998,44.009998,106416200,-1.370003,no,49.08819966,Yes,42.34039988,No,No,No
2020-02-28,41.360001,46.150002,41.040001,45.48,45.48,100667700,4.119999,yes,49.1507997,Yes,42.50509988,No,No,No
2020-03-02,47.419998,47.68,44.66,47.459999,47.459999,102324700,0.040001,yes,49.24459968,Yes,42.69039987,No,No,No
2020-03-03,49.029999,50.200001,45.669998,46.75,46.75,141972300,-2.279999,no,49.3335997,Yes,42.87559987,No,No,No
2020-03-04,48.25,50.139999,47.209999,50.110001,50.110001,93311800,1.860001,yes,49.47919968,No,43.09209989,No,Yes,No
2020-03-05,48.68,49.720001,47.509998,48.110001,48.110001,98302700,-0.569999,no,49.55839966,Yes,43.28939991,No,Yes,No
2020-03-06,49.439999,49.540001,46.740002,48.59,48.59,124590900,-0.849999,no,49.62099968,Yes,43.47779991,No,No,No
2020-03-09,43.029999,46.34,42.509998,43.27,43.27,80859800,0.240001,yes,49.55559966,Yes,43.6051999,No,No,No
2020-03-10,45.41,45.439999,43.099998,45.380001,45.380001,76228200,-0.029999,no,49.53059966,Yes,43.75179992,No,No,No
2020-03-11,44.189999,45.970001,43.799999,45.700001,45.700001,101601100,1.510002,yes,49.52099968,Yes,43.90069994,No,No,No
2020-03-12,42,42.5,39,39.009998,39.009998,107461500,-2.990002,no,49.39079964,Yes,43.97939993,No,No,No
2020-03-13,42.200001,43.91,39.599998,43.900002,43.900002,86689700,1.700001,yes,49.35159966,Yes,44.10869996,No,No,No
2020-03-16,39.080002,43.369999,38.509998,38.709999,38.709999,84545900,-0.370003,no,49.14379968,Yes,44.17549996,No,No,No
2020-03-17,40.189999,42.880001,38.299999,41.880001,41.880001,92741900,1.690002,yes,49.00939974,Yes,44.27919997,No,No,No
2020-03-18,39.540001,41.950001,36.75,39.119999,39.119999,106949300,-0.420002,no,48.82399974,Yes,44.35679995,No,No,No
2020-03-19,39.560001,41.700001,37.689999,39.82,39.82,88939000,0.259999,yes,48.65539974,Yes,44.43779996,No,No,No
2020-03-20,41.509998,42.48,39.580002,39.610001,39.610001,106859500,-1.899997,no,48.49099972,Yes,44.50679998,No,No,No
2020-03-23,40.619999,42.32,38.950001,41.639999,41.639999,101704700,1.02,yes,48.34439968,Yes,44.58629998,No,No,No
2020-03-24,44.040001,46.810001,43.990002,46.220001,46.220001,106794200,2.18,yes,48.30539974,Yes,44.7182,No,No,No
2020-03-25,46.790001,47.880001,44.43,44.630001,44.630001,93760400,-2.16,no,48.22299976,Yes,44.8332,No,Yes,No
2020-03-26,45.779999,47.5,45.400002,47.5,47.5,73680200,1.720001,yes,48.20879978,Yes,44.9689,No,No,No
2020-03-27,46.32,47.98,45.900002,46.580002,46.580002,74599200,0.260002,yes,48.16939984,Yes,45.08580003,No,No,No
2020-03-30,47.240002,48.459999,46.66,47.860001,47.860001,68486600,0.619999,yes,48.13119986,Yes,45.20150003,No,No,No
2020-03-31,47.93,48.529999,45.16,45.48,45.48,83483700,-2.45,no,48.02219986,Yes,45.29480001,No,No,No
2020-04-01,44.18,46.849998,43.16,43.66,43.66,92083100,-0.52,no,47.87439988,Yes,45.37210001,No,Yes,No
2020-04-02,43.400002,45.279999,43.099998,44.490002,44.490002,79024100,1.09,yes,47.73559992,Yes,45.45420004,No,No,No
2020-04-03,44.299999,44.84,41.700001,42.59,42.59,79335000,-1.709999,no,47.55319994,Yes,45.51720003,No,No,No
2020-04-06,44.299999,47.580002,44.060001,47.52,47.52,82294000,3.220001,yes,47.49659998,No,45.62930002,No,No,No
2020-04-07,48.959999,49.650002,46.68,47.560001,47.560001,102098700,-1.399998,no,47.46260004,No,45.73780004,No,No,No
2020-04-08,48.07,49,47.610001,48.790001,48.790001,64930800,0.720001,yes,47.42780008,No,45.85050005,No,No,No
2020-04-09,49.650002,50.25,47.720001,48.380001,48.380001,80357400,-1.270001,no,47.44520014,No,45.95080008,No,No,No
2020-04-13,48.470001,51.07,48.23,50.939999,50.939999,64290100,2.469998,yes,47.48840014,No,46.07460006,No,No,No
2020-04-14,52.240002,55.139999,52.110001,54.93,54.93,85306800,2.689998,yes,47.64700014,No,46.22510005,No,Yes,No
2020-04-15,53.73,55.57,53.41,54.990002,54.990002,83814000,1.260002,yes,47.78640018,No,46.36210006,No,Yes,No
2020-04-16,55.959999,58.080002,55.630001,56.950001,56.950001,103106500,0.990002,yes,47.93640018,No,46.52180007,No,No,No
2020-04-17,57.349998,57.759998,55.549999,56.599998,56.599998,76908800,-0.75,no,48.07160014,No,46.69260005,No,Yes,No
2020-04-20,55.98,58.630001,55.849998,56.970001,56.970001,72367300,0.990001,yes,48.22460016,No,46.87080004,No,No,No
2020-04-21,56.900002,57.73,51.41,52.919998,52.919998,123906400,-3.980004,no,48.28840012,No,47.00210001,No,Yes,No
2020-04-22,54.91,56.150002,54.34,55.919998,55.919998,63164100,1.009998,yes,48.36160012,No,47.17139997,No,No,No
2020-04-23,56.650002,57.290001,55.639999,55.900002,55.900002,69662700,-0.75,no,48.40360018,No,47.33629999,No,No,No
2020-04-24,55.099998,56.779999,54.419998,56.18,56.18,72854800,1.080002,yes,48.4494002,No,47.50659997,No,No,No
2020-04-27,57.439999,58,56.25,56.490002,56.490002,62568100,-0.949997,no,48.48860026,No,47.68419999,No,No,No
2020-04-28,57.16,57.349998,55.299999,55.509998,55.509998,80501800,-1.650002,no,48.4926002,No,47.85029995,No,Yes,Yes
2020-04-29,54.529999,54.860001,52.740002,53.66,53.66,110800900,-0.869999,no,48.42800022,No,47.98999996,No,Yes,No
2020-04-30,53.43,54.290001,52.029999,52.389999,52.389999,65543900,-1.040001,no,48.29780016,No,48.11769996,No,Yes,No
2020-05-01,51.07,51.950001,49.09,49.880001,49.880001,69562700,-1.189999,no,48.15000018,No,48.22019996,No,No,No
2020-05-04,49.82,52.610001,49.73,52.560001,52.560001,62590600,2.740001,yes,48.13560022,No,48.35649997,No,No,No
2020-05-05,53.43,53.509998,51.290001,52.189999,52.189999,56560500,-1.240001,no,48.19700022,No,48.48399997,No,No,No
2020-05-06,52.419998,53.310001,51.880001,52.16,52.16,48138100,-0.259998,no,48.28880022,No,48.61089996,No,No,No
2020-05-07,52.93,52.970001,51.619999,51.950001,51.950001,48956600,-0.979999,no,48.3780002,No,48.70449997,No,Yes,No
2020-05-08,52.150002,53.27,51.810001,53.189999,53.189999,40774200,1.039997,yes,48.56160022,No,48.82489994,No,No,No
2020-05-11,52.900002,55.889999,52.75,55.740002,55.740002,68746400,2.84,yes,48.76680026,No,48.95879998,No,No,No
2020-05-12,56.209999,56.580002,53.75,53.759998,53.759998,55631100,-2.450001,no,48.89280024,No,49.06869996,No,No,No
2020-05-13,54.040001,55.220001,51.299999,52.18,52.18,76824700,-1.860001,no,49.00140024,No,49.16749997,No,Yes,No
2020-05-14,52.099998,54.540001,51.610001,54.509998,54.509998,73814000,2.41,yes,49.08940018,No,49.28429993,No,No,No
2020-05-15,53.32,54.439999,52.860001,54.200001,54.200001,66950900,0.880001,yes,49.21120018,No,49.38479992,No,No,No
2020-05-18,54.98,55.25,54.240002,54.59,54.59,48679100,-0.39,no,49.33120018,No,49.47609993,No,No,No
2020-05-19,54.389999,56.73,54.360001,55.470001,55.470001,60388500,1.080002,yes,49.5752002,No,49.56539993,No,No,No
2020-05-20,56.549999,56.98,55.630001,56.389999,56.389999,50888200,-0.16,no,49.79540016,No,49.66299991,No,No,No
2020-05-21,56.68,56.720001,54.610001,54.650002,54.650002,48496100,-2.029998,no,49.97440018,No,49.74769993,No,No,No
2020-05-22,54.77,55.369999,53.779999,55.169998,55.169998,43524100,0.399998,yes,50.29760018,No,49.84419991,No,No,No
2020-05-26,56.009998,56.080002,53.02,53.189999,53.189999,51618900,-2.819999,no,50.48340012,No,49.91749989,No,Yes,No
2020-05-27,53.27,53.279999,49.09,52.740002,52.740002,102414500,-0.529998,no,50.76400018,No,49.95389993,No,No,No
2020-05-28,52.25,53.540001,51.25,51.740002,51.740002,53670200,-0.509998,no,50.9612002,No,49.98529997,No,Yes,No
2020-05-29,52.07,53.799999,51.849998,53.799999,53.799999,64948300,1.729999,yes,51.2548002,No,50.03939997,No,No,No
2020-06-01,53.310001,54.110001,52.889999,53.630001,53.630001,36864400,0.32,yes,51.53100022,No,50.09319998,No,Yes,No
2020-06-02,53.450001,53.57,52.009998,53.540001,53.540001,42855200,0.09,yes,51.80960022,No,50.15029997,No,No,No
2020-06-03,53.599998,53.650002,52.330002,52.73,52.73,46765300,-0.869998,no,52.03140024,No,50.18789996,No,No,No
2020-06-04,52.59,53.740002,52.200001,52.630001,52.630001,44869100,0.040001,yes,52.15960024,No,50.23249999,No,Yes,No
2020-06-05,52.990002,53.57,52.080002,53.099998,53.099998,53825300,0.109996,yes,52.32900018,No,50.27599997,No,No,No
2020-06-08,53.299999,53.349998,52.259998,52.970001,52.970001,39681700,-0.329998,no,52.4384002,No,50.32359999,No,Yes,No
2020-06-09,52.950001,56.459999,52.720001,56.389999,56.389999,79919100,3.439998,yes,52.63460014,No,50.40199999,No,No,No
2020-06-10,57.200001,59,57.029999,57.439999,57.439999,78719400,0.239998,yes,52.8262001,No,50.47869998,No,No,No
2020-06-11,55.939999,56.68,52.799999,52.830002,52.830002,78715400,-3.109997,no,52.97320014,Yes,50.4977,No,No,No
2020-06-12,55.009998,55.599998,52.110001,53.5,53.5,71096500,-1.509998,no,53.17000014,No,50.52220001,No,No,No
2020-06-15,52.580002,54.73,52.41,54.68,54.68,56740700,2.099998,yes,53.3738001,No,50.55470001,No,Yes,No
2020-06-16,55.720001,56.07,53.59,54.459999,54.459999,50949700,-1.260002,no,53.61120008,No,50.58220001,No,Yes,No
2020-06-17,54.790001,55.82,54.299999,54.549999,54.549999,45008100,-0.240002,no,53.75180006,No,50.62420002,No,No,No
2020-06-18,54.619999,55.119999,53.650002,54.040001,54.040001,40354700,-0.579998,no,53.88140006,No,50.67200005,No,No,No
2020-06-19,54.41,55.459999,53.82,54.23,54.23,52801500,-0.18,no,53.99020004,No,50.70900006,No,No,No
2020-06-22,54.669998,55.169998,53.740002,54.759998,54.759998,44704800,0.09,yes,54.11779998,No,50.78150006,No,Yes,No
2020-06-23,55.049999,55.369999,53.869999,53.990002,53.990002,48089000,-1.059997,no,54.17880004,Yes,50.83360009,No,No,No
2020-06-24,53.939999,54.740002,51.919998,52.389999,52.389999,53535500,-1.55,no,54.12800002,Yes,50.88750008,No,No,No
2020-06-25,52.560001,52.700001,50.540001,51.93,51.93,51129600,-0.630001,no,54.06679998,Yes,50.92660008,No,Yes,No
2020-06-26,51.849998,51.950001,49.450001,50.099998,50.099998,65485700,-1.75,no,53.92979992,Yes,50.93310005,No,No,No
2020-06-29,50.150002,50.279999,48.419998,50.279999,50.279999,49905800,0.129997,yes,53.80339994,Yes,50.93750004,No,No,No
2020-06-30,51.16,52.77,50.82,52.610001,52.610001,42275700,1.450001,yes,53.71619994,Yes,50.97040005,No,No,No
2020-07-01,52.630001,52.869999,51.599998,52.580002,52.580002,32370900,-0.049999,no,53.70940002,Yes,50.99890007,No,No,No
2020-07-02,53.029999,53.189999,52.049999,52.34,52.34,29081400,-0.689999,no,53.63780006,Yes,50.99970009,No,No,No
2020-07-06,52.900002,53.52,52.330002,53.400002,53.400002,36769400,0.5,yes,53.58780006,Yes,50.99570012,No,No,No
2020-07-07,53.279999,54.169998,52.860001,52.93,52.93,32153100,-0.349999,no,53.52280006,Yes,50.98610013,No,No,No
2020-07-08,53.009998,53.470001,52.07,53.43,53.43,35608300,0.420002,yes,53.46160002,Yes,50.97510014,No,No,No
2020-07-09,53.52,57.580002,53.310001,57.259998,57.259998,87216300,3.739998,yes,53.49660002,No,50.99460011,No,No,No
2020-07-10,57.540001,58.150002,55.509998,55.880001,55.880001,59839700,-1.66,no,53.54100004,No,50.98450013,No,No,No
2020-07-13,56.68,58.349998,53.380001,53.59,53.59,57741800,-3.09,no,53.56500006,No,50.93140011,No,No,No
2020-07-14,53.299999,54.860001,52.259998,54.720001,54.720001,54890100,1.420002,yes,53.66180006,No,50.90590012,No,Yes,No
2020-07-15,54.959999,55.369999,53.59,55.34,55.34,42360300,0.380001,yes,53.71740004,No,50.92650013,No,Yes,No
2020-07-16,54.68,55.150002,53.740002,54.919998,54.919998,36887100,0.239998,yes,53.77200002,No,50.98450012,No,Yes,No
2020-07-17,55.310001,55.810001,54.68,55.040001,55.040001,34710400,-0.27,no,53.82960004,No,51.05920013,No,No,No
2020-07-20,55.23,57.529999,54.830002,57.459999,57.459999,45034300,2.229999,yes,53.9398,No,51.1589001,No,No,No
2020-07-21,57.810001,58.5,56.32,57,57,44800700,-0.810001,no,54.01600002,No,51.28880012,No,Yes,No
2020-07-22,57.07,62,56.970001,61.790001,61.790001,135159400,4.720001,yes,54.137,No,51.45190013,No,No,No
2020-07-23,61.630001,62.330002,58.630001,59.57,59.57,106829100,-2.060001,no,54.25320004,No,51.57300014,No,No,No
2020-07-24,64.18,69.940002,64.050003,69.400002,69.400002,205314500,5.220002,yes,54.59760008,No,51.79950016,No,No,No
2020-07-27,69.279999,71.629997,67.790001,68.970001,68.970001,107918100,-0.309998,no,54.88680014,No,51.98810016,No,No,No
2020-07-28,68.099998,69.800003,67.019997,67.610001,67.610001,94181400,-0.489997,no,55.15500014,No,52.18310016,No,Yes,Yes
2020-07-29,75.5,77.190002,73.900002,76.089996,76.089996,132969700,0.589996,yes,55.58500006,No,52.45810012,No,No,No
2020-07-30,75.370003,78.959999,75.07,78.199997,78.199997,80286900,2.829994,yes,56.03959998,No,52.80740009,No,Yes,No
2020-07-31,78.669998,78.959999,75.360001,77.43,77.43,71699700,-1.239998,no,56.4604,No,53.12790008,No,No,No
2020-08-03,78.190002,78.5,77.059998,77.669998,77.669998,42628800,-0.520004,no,56.92079992,No,53.44760005,No,No,No
2020-08-04,78.029999,85.809998,77.989998,85.040001,85.040001,155676100,7.010002,yes,57.51819998,No,53.90790008,No,Yes,No
2020-08-05,84.959999,86.32,83.32,85.309998,85.309998,65737300,0.349999,yes,58.16059996,No,54.32200004,No,No,No
2020-08-06,85.489998,86.980003,84.779999,86.709999,86.709999,53961700,1.220001,yes,58.8399999,No,54.80200004,No,No,No
2020-08-07,86.669998,87.290001,82.669998,84.849998,84.849998,66498000,-1.82,no,59.50219982,No,55.23170001,No,No,No
2020-08-10,85.050003,85.160004,79.32,82.239998,82.239998,70536100,-2.810005,no,60.0709998,No,55.6629,No,No,No
2020-08-11,80.709999,80.709999,76.099998,76.879997,76.879997,77877700,-3.830002,no,60.53599972,No,56.03349997,No,No,No
2020-08-12,78.43,82.879997,77.550003,82.610001,82.610001,88607800,4.180001,yes,61.11739972,No,56.46349997,No,No,No
2020-08-13,82.879997,84.019997,81.540001,81.839996,81.839996,57407400,-1.040001,no,61.69959964,No,56.86549994,No,No,No
2020-08-14,81.809998,83.239998,80.879997,81.300003,81.300003,42389500,-0.509995,no,62.27299968,No,57.21629996,No,No,No
2020-08-17,82.089996,83.059998,81.550003,82.419998,82.419998,31450200,0.330002,yes,62.85939968,No,57.59419993,No,No,No
2020-08-18,82.800003,82.879997,81.029999,81.660004,81.660004,30970500,-1.139999,no,63.43319974,No,57.93579997,No,No,No
2020-08-19,81.779999,81.849998,80.449997,81.089996,81.089996,37507400,-0.690003,no,63.92719968,No,58.28089991,No,No,No
2020-08-20,79.739998,82.839996,79.120003,82.769997,82.769997,42948900,3.029999,yes,64.43379964,No,58.62999987,No,No,No
2020-08-21,83.290001,84.410004,82.230003,83.809998,83.809998,48280300,0.519997,yes,65.05339956,No,59.01329985,No,No,No
2020-08-24,84.550003,85.330002,82.550003,83.080002,83.080002,38036100,-1.470001,no,65.6449996,No,59.40749987,No,No,No
2020-08-25,83.360001,86.620003,82.349998,86.349998,86.349998,49234400,2.989997,yes,66.27839956,No,59.82609983,No,No,No
2020-08-26,86.970001,87.720001,85.199997,86.019997,86.019997,47157300,-0.950004,no,66.90959952,No,60.2603998,No,No,No
2020-08-27,86.349998,86.580002,82.940002,83.800003,83.800003,42194200,-2.549995,no,67.4945996,No,60.62319983,No,No,No
2020-08-28,84.300003,86.040001,84.190002,85.550003,85.550003,40723300,1.25,yes,68.12479964,No,61.00309985,No,No,No
2020-08-31,85.050003,92.639999,85.050003,90.82,90.82,90655900,5.769997,yes,68.85659964,No,61.42339984,No,No,No
2020-09-01,91.919998,92.510002,90.190002,92.18,92.18,56117100,0.260002,yes,69.60499968,No,61.86139983,No,No,No
2020-09-02,94.010002,94.279999,88.739998,90.220001,90.220001,50366900,-3.790001,no,70.32959966,No,62.25419985,No,No,No
2020-09-03,87.839996,88.470001,81.589996,82.540001,82.540001,87462700,-5.299995,no,70.9325997,No,62.53029986,No,No,No
2020-09-04,81.449997,84.389999,76.330002,82.010002,82.010002,82267800,0.560005,yes,71.53419974,No,62.80049986,No,No,No
2020-09-08,78.050003,81.879997,78,78.690002,78.690002,54955700,0.639999,yes,72.10599982,No,63.01789987,No,Yes,No
2020-09-09,81.400002,82.440002,79.279999,81.910004,81.910004,54163900,0.510002,yes,72.73859992,No,63.27099993,No,No,No
2020-09-10,83.07,83.309998,78.379997,78.980003,78.980003,51499400,-4.089997,no,73.26599996,No,63.49109995,No,No,No
2020-09-11,79.82,79.989998,75.040001,76.339996,76.339996,54763000,-3.480004,no,73.74119984,No,63.72529993,No,Yes,No
2020-09-14,76.800003,78.82,76.260002,77.900002,77.900002,47448700,1.099999,yes,74.25239988,No,63.94509997,No,Yes,No
2020-09-15,77.660004,80.330002,75.970001,78.93,78.93,57874400,1.269996,yes,74.76299984,No,64.17539995,No,No,No
2020-09-16,79.349998,79.720001,76.540001,76.660004,76.660004,38393500,-2.689994,no,75.23759992,No,64.38019999,No,No,No
2020-09-17,74.879997,76.629997,74.199997,76.550003,76.550003,55619100,1.670006,yes,75.69999998,No,64.5808,No,No,No
2020-09-18,77,77.400002,73.849998,74.93,74.93,51082900,-2.07,no,76.05340002,Yes,64.77500002,No,No,No
2020-09-21,74.230003,77.980003,73.879997,77.940002,77.940002,61312000,3.709999,yes,76.49460004,No,65.01780004,No,No,No
2020-09-22,78.360001,78.790001,75.269997,77.699997,77.699997,56044700,-0.660004,no,76.97679998,No,65.27090002,No,Yes,No
2020-09-23,77.389999,77.910004,74.339996,74.730003,74.730003,42327500,-2.659996,no,77.37700002,Yes,65.51940004,No,No,No
2020-09-24,74.540001,77.25,73.900002,75.82,75.82,57540900,1.279999,yes,77.78660002,Yes,65.75200003,No,No,No
2020-09-25,76.349998,78.199997,74.669998,78.059998,78.059998,48206200,1.71,yes,78.24940002,Yes,66.01070002,No,No,No
2020-09-28,79.120003,79.57,77.519997,79.480003,79.480003,48005500,0.36,yes,78.73820006,No,66.28390005,No,No,No
2020-09-29,79.300003,82.550003,79.300003,81.769997,81.769997,61568900,2.469994,yes,79.22440002,No,66.58210001,No,No,No
2020-09-30,81.75,82.940002,80.660004,81.989998,81.989998,51479700,0.239998,yes,79.72419998,No,66.8701,No,Yes,No
2020-10-01,83.059998,85.25,82.860001,84.860001,84.860001,52177100,1.800003,yes,80.18559998,No,67.16129999,No,Yes,No
2020-10-02,82.580002,84.650002,81.660004,81.800003,81.800003,52855100,-0.779999,no,80.63020004,No,67.44170004,No,No,No
2020-10-05,82.550003,86.279999,82.550003,86.150002,86.150002,47056500,3.599999,yes,80.96520004,No,67.78140006,No,No,No
2020-10-06,86.209999,87.25,83.540001,84.480003,84.480003,52725400,-1.729996,no,81.27540008,No,68.08110011,No,No,No
2020-10-07,86.099998,87.790001,85.650002,86.690002,86.690002,43045700,0.590004,yes,81.6570001,No,68.40600012,No,No,No
2020-10-08,88.110001,88.720001,85.949997,86.510002,86.510002,54240700,-1.599999,no,81.86540022,No,68.72520014,No,Yes,No
2020-10-09,84.739998,85.75,82.349998,83.099998,83.099998,80354400,-1.64,no,81.96340024,No,69.00150011,No,No,No
2020-10-12,83.650002,85.129997,83.120003,84.290001,84.290001,47669700,0.639999,yes,82.10060026,No,69.28050013,No,No,No
2020-10-13,84.860001,86.089996,83.970001,85.279999,85.279999,42764100,0.419998,yes,82.25280028,No,69.5868001,No,No,No
2020-10-14,85.860001,85.959999,83.459999,84.209999,84.209999,40446700,-1.650002,no,82.23620024,No,69.87720011,No,Yes,No
2020-10-15,83.400002,84.720001,82.419998,83.129997,83.129997,33696400,-0.270005,no,82.19260022,No,70.17660009,No,Yes,No
2020-10-16,83.540001,83.989998,82.410004,83.169998,83.169998,31474300,-0.370003,no,82.1218002,No,70.48090005,No,No,No
2020-10-19,83.620003,84.650002,81.529999,82,82,36689100,-1.620003,no,82.06480024,Yes,70.78350003,No,No,No
2020-10-20,82.160004,82.690002,80.580002,81.559998,81.559998,38219400,-0.600006,no,82.05120024,Yes,71.06110002,No,No,No
2020-10-21,81.720001,81.93,79.190002,79.199997,79.199997,36426400,-2.520004,no,82.09760024,Yes,71.31679998,No,No,No
2020-10-22,79.650002,80.82,78.419998,79.419998,79.419998,38006800,-0.230004,no,82.03380018,Yes,71.57559995,No,No,No
2020-10-23,80.93,81.989998,79.330002,81.959999,81.959999,46557700,1.029999,yes,82.03620024,Yes,71.86789994,No,No,No
2020-10-26,82.550003,84.970001,80.860001,82.230003,82.230003,69423700,-0.32,no,82.05480024,No,72.16389996,No,No,No
2020-10-27,82,82.370003,77.57,78.879997,78.879997,156669500,-3.120003,no,81.98400022,Yes,72.42169995,No,Yes,Yes
2020-10-28,78.730003,78.959999,75.760002,76.400002,76.400002,76529900,-2.330001,no,81.87880018,Yes,72.65599996,No,Yes,No
2020-10-29,76.75,79.18,76.290001,78.019997,78.019997,52784100,1.269997,yes,81.8174002,Yes,72.87229994,No,No,No
2020-10-30,77.089996,77.699997,74.230003,75.290001,75.290001,51349000,-1.799995,no,81.66780028,Yes,73.05079996,No,No,No
2020-11-02,75.849998,76.339996,73.760002,74.699997,74.699997,45760700,-1.150001,no,81.48560026,Yes,73.26949991,No,No,No
2020-11-03,74.93,77.080002,74.599998,76.580002,76.580002,41231800,1.650002,yes,81.35560026,Yes,73.50029993,No,No,No
2020-11-04,80.25,81.849998,78.970001,81.349998,81.349998,66579700,1.099998,yes,81.25560026,No,73.76699991,No,No,No
2020-11-05,83.269997,83.5,81.849998,83,83,46542300,-0.269997,no,81.19520032,No,74.05239992,No,No,No
2020-11-06,83.519997,86.089996,82.669998,85.879997,85.879997,53829900,2.36,yes,81.2368002,No,74.3656999,No,No,No
2020-11-09,84.239998,87.050003,82.769997,83.120003,83.120003,58580700,-1.119995,no,81.1882002,No,74.65649992,No,No,No
2020-11-10,81.93,82.129997,77.629997,77.989998,77.989998,67137200,-3.940002,no,80.93160016,Yes,74.8940999,No,Yes,No
2020-11-11,79.389999,81.470001,78.970001,81.279999,81.279999,44611300,1.89,yes,80.71360014,No,75.15929991,No,No,No
2020-11-12,81.32,83,80.300003,81.839996,81.839996,37242600,0.519996,yes,80.54600004,No,75.43779985,No,No,No
2020-11-13,82.730003,83.110001,80.699997,81.43,81.43,30423200,-1.300003,no,80.52380002,No,75.72819986,No,No,No
2020-11-16,81.209999,83.779999,80.480003,83.730003,83.730003,38640800,2.520004,yes,80.55820004,No,76.04619989,No,Yes,No
2020-11-17,83.93,84.809998,82.910004,83.360001,83.360001,29473500,-0.569999,no,80.65160002,No,76.37879992,No,No,No
2020-11-18,83.010002,83.959999,82.220001,82.540001,82.540001,29968000,-0.470001,no,80.66419996,No,76.70139994,No,No,No
2020-11-19,82.389999,85.639999,81.720001,85.540001,85.540001,50116800,3.150002,yes,80.79539992,No,77.03069994,No,No,No
2020-11-20,85.279999,86.099998,84.470001,84.639999,84.639999,34974800,-0.64,no,80.96139998,No,77.35129991,No,No,No
2020-11-23,85.519997,87.540001,84.620003,85.309998,85.309998,46505000,-0.209999,no,81.1095999,No,77.68099989,No,No,No
2020-11-24,85.720001,86.110001,83.32,85.07,85.07,36839200,-0.650001,no,81.2323999,No,77.99769987,No,No,No
2020-11-25,85.760002,87.839996,85.519997,86.709999,86.709999,41349700,0.949997,yes,81.4333998,No,78.33549986,No,No,No
2020-11-27,87.989998,88,86.360001,87.190002,87.190002,22717600,-0.799996,no,81.64619978,No,78.67309988,No,No,No
2020-11-30,87.330002,92.739998,86.529999,92.660004,92.660004,84483000,5.330002,yes,82.00079986,No,79.02709994,No,No,No